Workbook

Sheet Assumptions
A1: Wishlist to Purchase funnel model: assumptions
A2: Legend: blue text = input you can change; yellow fill = key assumption; black = formula; green = link to another sheet.
A3: All numbers are ILLUSTRATIVE placeholders supplied by the analyst, not Myntra data. Replace with real values if you obtain them.
A5: Scale
A6: Monthly users who add at least one item to wishlist | B6: 10000000 | C6: Illustrative order of magnitude for a large Indian fashion app.
A7: Wishlist items added per wishlisting user per month | B7: 6 | C7: Illustrative. Interview placeholders suggest 4 to 10 for active users.
A8: Average price of a wishlisted item (Rs) | B8: 1400 | C8: Illustrative mid-band apparel price.
A9: Baseline return rate on apparel orders | B9: 0.3 | C9: Industry commentary puts Indian apparel returns at 25 to 40%.
A10: Funnel stages (baseline)
A11: S1 Intent quality: share of adds that are real purchase intent (not inspiration) | B11: 0.55 | C11: From engine intent distribution plus interviews. Inspiration-only saves cannot convert in 30 days.
A12: S2 Revisit: share of wishlisting users who reopen the wishlist within 30 days | B12: 0.6 | C12: User-level gate. Reminders and triggered resurfacing act here.
A13: S3 Viability: share of intent items still in stock in user's size at revisit | B13: 0.8 | C13: Wishlist decay. Low-stock truth and restock alerts act here.
A14: S4 Resolution: share of viable intent items whose blocking uncertainty gets resolved | B14: 0.45 | C14: The MVP's primary lever: fit, look, quality, second opinion.
A15: S5 Latency: share of resolved decisions made inside the 30-day window | B15: 0.75 | C15: A decision on day 45 scores zero for the business metric.
A16: S6 Wishlist item to cart (given resolved in window) | B16: 0.6 | C16: Illustrative.
A17: S7 Cart to order | B17: 0.65 | C17: Illustrative. Payment, delivery date and COD friction act here.

Sheet Funnel
A1: Business metric: % of wishlisting users who buy at least one wishlisted item within 30 days
A2: Model: item-level probability p = S1 x S3 x S4 x S5 x S6 x S7. A user converts if she revisits (S2) and at least one of her n items converts: S2 x (1 - (1-p)^n).
A3: Why this form: the metric counts users, not items. One converted item per user is enough, so n matters and the top item matters most.
A5: Stage | B5: Baseline rate | C5: Definition | D5: Product outcome that moves it | E5: Lever available without money
A6: S1 Intent quality | B6: =Assumptions!$B$11 -> 0.55 | C6: Share of wishlist adds with real purchase intent | D6: Users tell us why they saved | E6: One-tap intent tag at save; separate inspiration from shortlist
A7: S2 Revisit within 30 days | B7: =Assumptions!$B$12 -> 0.6 | C7: Wishlisting users reopening wishlist within 30 days | D7: Users return when something changed for their item | E7: Event-triggered resurfacing: size low, restocked, decide-by date
A8: S3 Viability at revisit | B8: =Assumptions!$B$13 -> 0.8 | C8: Intent items still purchasable in user's size | D8: Fewer items decay before decision | E8: Low-stock truth, restock alert, size-swap suggestion
A9: S4 Uncertainty resolved | B9: =Assumptions!$B$14 -> 0.45 | C9: Viable items where the blocking question gets answered | D9: User gets a fit, look, quality or second-opinion verdict | E9: Fit verdict from own history plus reviews; styling proof; share-to-friend card
A10: S5 Decision inside window | B10: =Assumptions!$B$15 -> 0.75 | C10: Resolved decisions made within 30 days of saving | D10: Decision moment is prompted, not left to drift | E10: Decide-by nudge tied to stated occasion; triage view
A11: S6 Wishlist to cart | B11: =Assumptions!$B$16 -> 0.6 | C11: Resolved items moved to cart | D11: Buy is one tap from the resolve panel | E11: Size pre-selected from verdict; add to bag from wishlist
A12: S7 Cart to order | B12: =Assumptions!$B$17 -> 0.65 | C12: Carts that become orders | D12: Checkout friction removed | E12: Out of scope for this MVP
A14: Item-level conversion probability p (S1 x S3 x S4 x S5 x S6 x S7) | B14: =B6*B8*B9*B10*B11*B12 -> 0.057915
A15: Items per user n | B15: =Assumptions!$B$7 -> 6
A16: P(at least one item converts | revisited) = 1 - (1-p)^n | B16: =1-(1-B14)^B15 -> 0.30089802
A17: BUSINESS METRIC: % of wishlisting users buying >= 1 wishlisted item in 30 days = S2 x above | B17: =B7*B16 -> 0.18053881
A19: Users converting per month | B19: =Assumptions!$B$6*B17 -> 1805388.1
A20: Wishlist-origin orders per month (assume one order per converting user) | B20: =B19 -> 1805388.1
A21: Wishlist-origin GMV per month (Rs) | B21: =B20*Assumptions!$B$8 -> 2.5275433e+09
A22: Net of returns (Rs) | B22: =B21*(1-Assumptions!$B$9) -> 1.7692803e+09

Sheet Scenarios
A1: Which stage is worth moving? Sensitivity of the business metric to each lever
A2: Each row moves one stage by the uplift in column C (blue, editable), holds the rest at baseline, and recomputes the metric.
A4: Stage moved | B4: Baseline | C4: Uplift (pp) | D4: New rate | E4: Metric after | F4: Metric delta (pp) | G4: Extra converting users / month | H4: Extra net GMV / month (Rs) | I4: Metric delta per 1pp of lever
A5: S1 Intent quality | B5: =Assumptions!$B$11 -> 0.55 | C5: 0.07 | D5: =MIN(1,B5+C5) -> 0.62 | E5: =Assumptions!$B$12*(1-(1-D5*Assumptions!$B$13*Assumptions!$B$14*Assumptions!$B$15*Assumptions!$B$16*Assumptions!$B$17)^Assumptions!$B$7) -> 0.19984916 | F5: =E5-Funnel!$B$17 -> 0.019310347 | G5: =F5*Assumptions!$B$6 -> 193103.47 | H5: =G5*Assumptions!$B$8*(1-Assumptions!$B$9) -> 1.892414e+08 | I5: =IF(C5=0,0,F5/(C5*100)) -> 0.002758621
A6: S2 Revisit within 30 days | B6: =Assumptions!$B$12 -> 0.6 | C6: 0.08 | D6: =MIN(1,B6+C6) -> 0.68 | E6: =D6*(1-(1-Assumptions!$B$11*Assumptions!$B$13*Assumptions!$B$14*Assumptions!$B$15*Assumptions!$B$16*Assumptions!$B$17)^Assumptions!$B$7) -> 0.20461065 | F6: =E6-Funnel!$B$17 -> 0.024071841 | G6: =F6*Assumptions!$B$6 -> 240718.41 | H6: =G6*Assumptions!$B$8*(1-Assumptions!$B$9) -> 2.3590405e+08 | I6: =IF(C6=0,0,F6/(C6*100)) -> 0.0030089802
A7: S3 Viability at revisit | B7: =Assumptions!$B$13 -> 0.8 | C7: 0.08 | D7: =MIN(1,B7+C7) -> 0.88 | E7: =Assumptions!$B$12*(1-(1-Assumptions!$B$11*D7*Assumptions!$B$14*Assumptions!$B$15*Assumptions!$B$16*Assumptions!$B$17)^Assumptions!$B$7) -> 0.19577488 | F7: =E7-Funnel!$B$17 -> 0.015236068 | G7: =F7*Assumptions!$B$6 -> 152360.68 | H7: =G7*Assumptions!$B$8*(1-Assumptions!$B$9) -> 1.4931346e+08 | I7: =IF(C7=0,0,F7/(C7*100)) -> 0.0019045084
A8: S4 Uncertainty resolved | B8: =Assumptions!$B$14 -> 0.45 | C8: 0.1 | D8: =MIN(1,B8+C8) -> 0.55 | E8: =Assumptions!$B$12*(1-(1-Assumptions!$B$11*Assumptions!$B$13*D8*Assumptions!$B$15*Assumptions!$B$16*Assumptions!$B$17)^Assumptions!$B$7) -> 0.21376776 | F8: =E8-Funnel!$B$17 -> 0.033228951 | G8: =F8*Assumptions!$B$6 -> 332289.51 | H8: =G8*Assumptions!$B$8*(1-Assumptions!$B$9) -> 3.2564372e+08 | I8: =IF(C8=0,0,F8/(C8*100)) -> 0.0033228951
A9: S5 Decision inside window | B9: =Assumptions!$B$15 -> 0.75 | C9: 0.08 | D9: =MIN(1,B9+C9) -> 0.83 | E9: =Assumptions!$B$12*(1-(1-Assumptions!$B$11*Assumptions!$B$13*Assumptions!$B$14*D9*Assumptions!$B$16*Assumptions!$B$17)^Assumptions!$B$7) -> 0.19677399 | F9: =E9-Funnel!$B$17 -> 0.016235181 | G9: =F9*Assumptions!$B$6 -> 162351.81 | H9: =G9*Assumptions!$B$8*(1-Assumptions!$B$9) -> 1.5910477e+08 | I9: =IF(C9=0,0,F9/(C9*100)) -> 0.0020293976
A10: S6 Wishlist to cart | B10: =Assumptions!$B$16 -> 0.6 | C10: 0.05 | D10: =MIN(1,B10+C10) -> 0.65 | E10: =Assumptions!$B$12*(1-(1-Assumptions!$B$11*Assumptions!$B$13*Assumptions!$B$14*Assumptions!$B$15*D10*Assumptions!$B$17)^Assumptions!$B$7) -> 0.19326807 | F10: =E10-Funnel!$B$17 -> 0.012729256 | G10: =F10*Assumptions!$B$6 -> 127292.56 | H10: =G10*Assumptions!$B$8*(1-Assumptions!$B$9) -> 1.247467e+08 | I10: =IF(C10=0,0,F10/(C10*100)) -> 0.0025458511
A11: S7 Cart to order | B11: =Assumptions!$B$17 -> 0.65 | C11: 0.03 | D11: =MIN(1,B11+C11) -> 0.68 | E11: =Assumptions!$B$12*(1-(1-Assumptions!$B$11*Assumptions!$B$13*Assumptions!$B$14*Assumptions!$B$15*Assumptions!$B$16*D11)^Assumptions!$B$7) -> 0.18762923 | F11: =E11-Funnel!$B$17 -> 0.0070904215 | G11: =F11*Assumptions!$B$6 -> 70904.215 | H11: =G11*Assumptions!$B$8*(1-Assumptions!$B$9) -> 69486131 | I11: =IF(C11=0,0,F11/(C11*100)) -> 0.0023634738
A13: Reading: column I is the fair comparison. It shows how much the metric moves per one point of the lever, independent of the uplift you assumed.
A14: Uplifts in column C are the analyst's judgment of what a well-built product could move in one quarter. They are not forecasts.
A16: Combined MVP scenario: S4 and S5 moved together (the MVP's two levers)
A17: S4 new rate | B17: =D8 -> 0.55
A18: S5 new rate | B18: =D9 -> 0.83
A19: Metric after | B19: =Assumptions!$B$12*(1-(1-Assumptions!$B$11*Assumptions!$B$13*B17*B18*Assumptions!$B$16*Assumptions!$B$17)^Assumptions!$B$7) -> 0.23221951
A20: Metric delta (pp) | B20: =B19-Funnel!$B$17 -> 0.051680695
A21: Extra converting users / month | B21: =B20*Assumptions!$B$6 -> 516806.95
A22: Extra net GMV / month (Rs) | B22: =B21*Assumptions!$B$8*(1-Assumptions!$B$9) -> 5.0647081e+08
